INSERT INTO flight(flight_id,airplane,takeoff_time,landing_time,gate) VALUES('30651','B720', '2022-10-22 12:22:09', '2022-10-22 16:22:09', 'B');
 INSERT INTO crew(flight_id, crew_id, crew_name, check_in_time) VALUES('30651','A245254987', 'John Dan', '2022-10-22 12:22:09');
 INSERT INTO passengers(flight_id,passenger_id,passenger_name,check_in_time) VALUES('30651','B245223987', 'John Dan', '2022-10-22 12:22:09');
 INSERT INTO maintenance(flight_id,fuel_status,clean_status,maintenance_status) VALUES('30651','Not Fueled', 'cleaned', 'complete');
 INSERT INTO services(flight_id,movie,wifi,food,beverage,status) VALUES('30651',true, false, 'peanuts', 'coke','stocked');
 INSERT INTO crew_baggage(crew_id,check_in_time,num_of_baggage) VALUES('A139215487','2022-10-22 12:22:09', '2');
 INSERT INTO passengers(flight_id,passenger_id,passenger_name,check_in_time) VALUES('30651','B245223980', 'John Dan', '2022-10-22 12:22:09');
 INSERT INTO passenger_baggage(passenger_id,check_in_time,num_of_baggage) VALUES('B245223980','2022-10-22 12:22:09', '1');
 INSERT INTO passengers(flight_id,passenger_id,passenger_name,check_in_time) VALUES('30625','B2993920518', 'Nicholson Haley', '2022-10-22 21:02:55');
 INSERT INTO crew(flight_id, crew_id, crew_name, check_in_time) VALUES('30625','A2993924752', 'Schultz Johns', '2022-10-22 04:21:30');
 INSERT INTO passenger_baggage(passenger_id,check_in_time,num_of_baggage) VALUES('B2993920518','2022-10-22 21:02:55', '3');
 INSERT INTO crew_baggage(crew_id,check_in_time,num_of_baggage) VALUES('A2993924752','2022-10-22 04:21:30', '3');
 INSERT INTO crew(flight_id, crew_id, crew_name, check_in_time) VALUES('30625','A5811221652', 'Browning Ball', '2022-10-22 21:02:55');
 INSERT INTO passengers(flight_id,passenger_id,passenger_name,check_in_time) VALUES('30625','B5811217418', 'Knowles Lucas', '2022-10-23 03:22:01');
 INSERT INTO crew_baggage(crew_id,check_in_time,num_of_baggage) VALUES('A5811221652','2022-10-22 21:02:55', '4');
 INSERT INTO passenger_baggage(passenger_id,check_in_time,num_of_baggage) VALUES('B5811217418','2022-10-23 03:22:01', '4');
 INSERT INTO crew(flight_id, crew_id, crew_name, check_in_time) VALUES('30625','A1423923507', 'Guy Bartlett', '2022-10-22 21:02:55');
 INSERT INTO passengers(flight_id,passenger_id,passenger_name,check_in_time) VALUES('30625','B1423919273', 'Lawson Frost', '2022-10-23 03:22:01');
 INSERT INTO crew_baggage(crew_id,check_in_time,num_of_baggage) VALUES('A1423923507','2022-10-22 21:02:55', '4');
 INSERT INTO passenger_baggage(passenger_id,check_in_time,num_of_baggage) VALUES('B1423919273','2022-10-23 03:22:01', '4');
 INSERT INTO crew(flight_id, crew_id, crew_name, check_in_time) VALUES('30625','A3401611529', 'Mathis Tillman', '2022-10-22 21:02:55');
 INSERT INTO passengers(flight_id,passenger_id,passenger_name,check_in_time) VALUES('30625','B3401607295', 'Huber Pace', '2022-10-23 03:22:01');
 INSERT INTO crew_baggage(crew_id,check_in_time,num_of_baggage) VALUES('A3401611529','2022-10-22 21:02:55', '4');
 INSERT INTO passenger_baggage(passenger_id,check_in_time,num_of_baggage) VALUES('B3401607295','2022-10-23 03:22:01', '4');
INSERT INTO flight(flight_id,airplane,takeoff_time,landing_time,gate) VALUES('30626','EA50', '2022-10-22 21:02:55', '2022-10-23 03:22:01', 'E');
 INSERT INTO maintenance(flight_id,fuel_status,clean_status,maintenance_status) VALUES('30626','fueled', 'cleaned', 'complete');
 INSERT INTO services(flight_id,movie,wifi,food,beverage,status) VALUES('30626',true, true, 'salad', 'orange juice','stocked');
 INSERT INTO crew(flight_id, crew_id, crew_name, check_in_time) VALUES('30626','A3994288400', 'Bean Finch', '2022-10-21 18:22:19');
 INSERT INTO passengers(flight_id,passenger_id,passenger_name,check_in_time) VALUES('30626','B3994284166', 'Lindsay Rose', '2022-10-22 01:33:29');
 INSERT INTO crew_baggage(crew_id,check_in_time,num_of_baggage) VALUES('A3994288400','2022-10-21 18:22:19', '1');
 INSERT INTO passenger_baggage(passenger_id,check_in_time,num_of_baggage) VALUES('B3994284166','2022-10-22 01:33:29', '1');
 INSERT INTO crew(flight_id, crew_id, crew_name, check_in_time) VALUES('30626','A1104831365', 'Combs Skinner', '2022-10-21 14:22:09');
 INSERT INTO passengers(flight_id,passenger_id,passenger_name,check_in_time) VALUES('30626','B1104827131', 'Hutchinson Frye', '2022-10-21 18:22:19');
 INSERT INTO crew_baggage(crew_id,check_in_time,num_of_baggage) VALUES('A1104831365','2022-10-21 14:22:09', '0');
 INSERT INTO passenger_baggage(passenger_id,check_in_time,num_of_baggage) VALUES('B1104827131','2022-10-21 18:22:19', '0');
 INSERT INTO crew(flight_id, crew_id, crew_name, check_in_time) VALUES('30626','A2902626321', 'Cotton Duffy', '2022-10-21 14:22:09');
 INSERT INTO passengers(flight_id,passenger_id,passenger_name,check_in_time) VALUES('30626','B2902622087', 'Pace Buck', '2022-10-21 18:22:19');
 INSERT INTO crew_baggage(crew_id,check_in_time,num_of_baggage) VALUES('A2902626321','2022-10-21 14:22:09', '0');
 INSERT INTO passenger_baggage(passenger_id,check_in_time,num_of_baggage) VALUES('B2902622087','2022-10-21 18:22:19', '0');
 INSERT INTO crew(flight_id, crew_id, crew_name, check_in_time) VALUES('30626','A6613150391', 'Tillman Cantu', '2022-10-21 14:22:09');
 INSERT INTO passengers(flight_id,passenger_id,passenger_name,check_in_time) VALUES('30626','B6613146157', 'Bush Hancock', '2022-10-21 18:22:19');
 INSERT INTO crew_baggage(crew_id,check_in_time,num_of_baggage) VALUES('A6613150391','2022-10-21 14:22:09', '0');
 INSERT INTO passenger_baggage(passenger_id,check_in_time,num_of_baggage) VALUES('B6613146157','2022-10-21 18:22:19', '0');
 INSERT INTO crew(flight_id, crew_id, crew_name, check_in_time) VALUES('30626','A2961902978', 'Grimes Hyde', '2022-10-21 18:22:19');
 INSERT INTO passengers(flight_id,passenger_id,passenger_name,check_in_time) VALUES('30626','B2961898744', 'Chan Carpenter', '2022-10-22 01:33:29');
 INSERT INTO crew_baggage(crew_id,check_in_time,num_of_baggage) VALUES('A2961902978','2022-10-21 18:22:19', '1');
 INSERT INTO passenger_baggage(passenger_id,check_in_time,num_of_baggage) VALUES('B2961898744','2022-10-22 01:33:29', '1');
INSERT INTO flight(flight_id,airplane,takeoff_time,landing_time,gate) VALUES('30627','B720', '2022-10-21 18:22:19', '2022-10-22 01:33:29', 'B');
 INSERT INTO maintenance(flight_id,fuel_status,clean_status,maintenance_status) VALUES('30627','not fueled', 'not cleaned', 'incomplete');
 INSERT INTO services(flight_id,movie,wifi,food,beverage,status) VALUES('30627',false, false, 'peanuts', 'coke','not stocked');
 INSERT INTO crew(flight_id, crew_id, crew_name, check_in_time) VALUES('30627','A7255602319', 'Shields Martin', '2022-10-22 04:21:30');
 INSERT INTO passengers(flight_id,passenger_id,passenger_name,check_in_time) VALUES('30627','B7255598085', 'Casey Burt', '2022-10-22 21:02:55');
 INSERT INTO crew_baggage(crew_id,check_in_time,num_of_baggage) VALUES('A7255602319','2022-10-22 04:21:30', '3');
 INSERT INTO passenger_baggage(passenger_id,check_in_time,num_of_baggage) VALUES('B7255598085','2022-10-22 21:02:55', '3');
 INSERT INTO crew(flight_id, crew_id, crew_name, check_in_time) VALUES('30627','A9939083922', 'Stanton Davis', '2022-10-22 21:02:55');
 INSERT INTO passengers(flight_id,passenger_id,passenger_name,check_in_time) VALUES('30627','B9939079688', 'Dunlap Boyd', '2022-10-23 03:22:01');
 INSERT INTO crew_baggage(crew_id,check_in_time,num_of_baggage) VALUES('A9939083922','2022-10-22 21:02:55', '4');
 INSERT INTO passenger_baggage(passenger_id,check_in_time,num_of_baggage) VALUES('B9939079688','2022-10-23 03:22:01', '4');
 INSERT INTO crew(flight_id, crew_id, crew_name, check_in_time) VALUES('30627','A5882251059', 'English Aguirre', '2022-10-22 04:21:30');
 INSERT INTO passengers(flight_id,passenger_id,passenger_name,check_in_time) VALUES('30627','B5882246825', 'Callahan Hardy', '2022-10-22 21:02:55');
 INSERT INTO crew_baggage(crew_id,check_in_time,num_of_baggage) VALUES('A5882251059','2022-10-22 04:21:30', '3');
 INSERT INTO passenger_baggage(passenger_id,check_in_time,num_of_baggage) VALUES('B5882246825','2022-10-22 21:02:55', '3');
 INSERT INTO crew(flight_id, crew_id, crew_name, check_in_time) VALUES('30627','A9498762029', 'Myers Adams', '2022-10-22 21:02:55');
 INSERT INTO passengers(flight_id,passenger_id,passenger_name,check_in_time) VALUES('30627','B9498757795', 'Peters Cobb', '2022-10-23 03:22:01');
 INSERT INTO crew_baggage(crew_id,check_in_time,num_of_baggage) VALUES('A9498762029','2022-10-22 21:02:55', '4');
 INSERT INTO passenger_baggage(passenger_id,check_in_time,num_of_baggage) VALUES('B9498757795','2022-10-23 03:22:01', '4');
 INSERT INTO crew(flight_id, crew_id, crew_name, check_in_time) VALUES('30627','A3548016580', 'Dickson Stokes', '2022-10-22 04:21:30');
 INSERT INTO passengers(flight_id,passenger_id,passenger_name,check_in_time) VALUES('30627','B3548012346', 'Strong Pearson', '2022-10-22 21:02:55');
 INSERT INTO crew_baggage(crew_id,check_in_time,num_of_baggage) VALUES('A3548016580','2022-10-22 04:21:30', '3');
 INSERT INTO passenger_baggage(passenger_id,check_in_time,num_of_baggage) VALUES('B3548012346','2022-10-22 21:02:55', '3');
INSERT INTO flight(flight_id,airplane,takeoff_time,landing_time,gate) VALUES('30628','B722', '2022-10-22 04:21:30', '2022-10-22 21:02:55', 'D');
 INSERT INTO maintenance(flight_id,fuel_status,clean_status,maintenance_status) VALUES('30628','not fueled', 'not cleaned', 'incomplete');
 INSERT INTO services(flight_id,movie,wifi,food,beverage,status) VALUES('30628',false, false, 'ham', 'pepsi','not stocked');
 INSERT INTO crew(flight_id, crew_id, crew_name, check_in_time) VALUES('30628','A6696601385', 'Cooper Rios', '2022-10-21 18:22:19');
 INSERT INTO passengers(flight_id,passenger_id,passenger_name,check_in_time) VALUES('30628','B6696597151', 'Durham Vance', '2022-10-22 01:33:29');
 INSERT INTO crew_baggage(crew_id,check_in_time,num_of_baggage) VALUES('A6696601385','2022-10-21 18:22:19', '1');
 INSERT INTO passenger_baggage(passenger_id,check_in_time,num_of_baggage) VALUES('B6696597151','2022-10-22 01:33:29', '1');
 INSERT INTO crew(flight_id, crew_id, crew_name, check_in_time) VALUES('30628','A2288063231', 'Caldwell Weber', '2022-10-22 04:21:30');
 INSERT INTO passengers(flight_id,passenger_id,passenger_name,check_in_time) VALUES('30628','B2288058997', 'Keller Mcfadden', '2022-10-22 21:02:55');
 INSERT INTO crew_baggage(crew_id,check_in_time,num_of_baggage) VALUES('A2288063231','2022-10-22 04:21:30', '3');
 INSERT INTO passenger_baggage(passenger_id,check_in_time,num_of_baggage) VALUES('B2288058997','2022-10-22 21:02:55', '3');
 INSERT INTO crew(flight_id, crew_id, crew_name, check_in_time) VALUES('30628','A5208747528', 'Gutierrez Clemons', '2022-10-21 14:22:09');
 INSERT INTO passengers(flight_id,passenger_id,passenger_name,check_in_time) VALUES('30628','B5208743294', 'Whitehead Yang', '2022-10-21 18:22:19');
 INSERT INTO crew_baggage(crew_id,check_in_time,num_of_baggage) VALUES('A5208747528','2022-10-21 14:22:09', '0');
 INSERT INTO passenger_baggage(passenger_id,check_in_time,num_of_baggage) VALUES('B5208743294','2022-10-21 18:22:19', '0');
 INSERT INTO crew(flight_id, crew_id, crew_name, check_in_time) VALUES('30628','A7969292757', 'Snow Pena', '2022-10-21 18:22:19');
 INSERT INTO passengers(flight_id,passenger_id,passenger_name,check_in_time) VALUES('30628','B7969288523', 'Simpson Randall', '2022-10-22 01:33:29');
 INSERT INTO crew_baggage(crew_id,check_in_time,num_of_baggage) VALUES('A7969292757','2022-10-21 18:22:19', '1');
 INSERT INTO passenger_baggage(passenger_id,check_in_time,num_of_baggage) VALUES('B7969288523','2022-10-22 01:33:29', '1');
 INSERT INTO crew(flight_id, crew_id, crew_name, check_in_time) VALUES('30628','A8671373450', 'Cobb Peters', '2022-10-21 14:22:09');
 INSERT INTO passengers(flight_id,passenger_id,passenger_name,check_in_time) VALUES('30628','B8671369216', 'Klein Cain', '2022-10-21 18:22:19');
 INSERT INTO crew_baggage(crew_id,check_in_time,num_of_baggage) VALUES('A8671373450','2022-10-21 14:22:09', '0');
 INSERT INTO passenger_baggage(passenger_id,check_in_time,num_of_baggage) VALUES('B8671369216','2022-10-21 18:22:19', '0');
INSERT INTO flight(flight_id,airplane,takeoff_time,landing_time,gate) VALUES('30629','A339', '2022-10-21 14:22:09', '2022-10-21 18:22:19', 'A');
 INSERT INTO maintenance(flight_id,fuel_status,clean_status,maintenance_status) VALUES('30629','fueled', 'cleaned', 'complete');
 INSERT INTO services(flight_id,movie,wifi,food,beverage,status) VALUES('30629',true, true, 'chicken', 'water','stocked');
 INSERT INTO crew(flight_id, crew_id, crew_name, check_in_time) VALUES('30629','A2536244007', 'Gray Estrada', '2022-10-22 01:33:29');
 INSERT INTO passengers(flight_id,passenger_id,passenger_name,check_in_time) VALUES('30629','B2536239773', 'Harris Morgan', '2022-10-22 04:21:30');
 INSERT INTO crew_baggage(crew_id,check_in_time,num_of_baggage) VALUES('A2536244007','2022-10-22 01:33:29', '2');
 INSERT INTO passenger_baggage(passenger_id,check_in_time,num_of_baggage) VALUES('B2536239773','2022-10-22 04:21:30', '2');
 INSERT INTO crew(flight_id, crew_id, crew_name, check_in_time) VALUES('30629','A1208011463', 'Martinez Chan', '2022-10-21 18:22:19');
 INSERT INTO passengers(flight_id,passenger_id,passenger_name,check_in_time) VALUES('30629','B1208007229', 'Hardin Cooper', '2022-10-22 01:33:29');
 INSERT INTO crew_baggage(crew_id,check_in_time,num_of_baggage) VALUES('A1208011463','2022-10-21 18:22:19', '1');
 INSERT INTO passenger_baggage(passenger_id,check_in_time,num_of_baggage) VALUES('B1208007229','2022-10-22 01:33:29', '1');
 INSERT INTO crew(flight_id, crew_id, crew_name, check_in_time) VALUES('30629','A5598719654', 'Collier Saunders', '2022-10-22 04:21:30');
 INSERT INTO passengers(flight_id,passenger_id,passenger_name,check_in_time) VALUES('30629','B5598715420', 'Chan Fisher', '2022-10-22 21:02:55');
 INSERT INTO crew_baggage(crew_id,check_in_time,num_of_baggage) VALUES('A5598719654','2022-10-22 04:21:30', '3');
 INSERT INTO passenger_baggage(passenger_id,check_in_time,num_of_baggage) VALUES('B5598715420','2022-10-22 21:02:55', '3');
 INSERT INTO crew(flight_id, crew_id, crew_name, check_in_time) VALUES('30629','A9645929841', 'Austin Duran', '2022-10-21 18:22:19');
 INSERT INTO passengers(flight_id,passenger_id,passenger_name,check_in_time) VALUES('30629','B9645925607', 'Booth White', '2022-10-22 01:33:29');
 INSERT INTO crew_baggage(crew_id,check_in_time,num_of_baggage) VALUES('A9645929841','2022-10-21 18:22:19', '1');
 INSERT INTO passenger_baggage(passenger_id,check_in_time,num_of_baggage) VALUES('B9645925607','2022-10-22 01:33:29', '1');
 INSERT INTO crew(flight_id, crew_id, crew_name, check_in_time) VALUES('30629','A8017616764', 'Whitney Sherman', '2022-10-21 14:22:09');
 INSERT INTO passengers(flight_id,passenger_id,passenger_name,check_in_time) VALUES('30629','B8017612530', 'Reeves Rodgers', '2022-10-21 18:22:19');
 INSERT INTO crew_baggage(crew_id,check_in_time,num_of_baggage) VALUES('A8017616764','2022-10-21 14:22:09', '0');
 INSERT INTO passenger_baggage(passenger_id,check_in_time,num_of_baggage) VALUES('B8017612530','2022-10-21 18:22:19', '0');
INSERT INTO flight(flight_id,airplane,takeoff_time,landing_time,gate) VALUES('30630','A339', '2022-10-21 14:22:09', '2022-10-21 18:22:19', 'A');
 INSERT INTO maintenance(flight_id,fuel_status,clean_status,maintenance_status) VALUES('30630','not fueled', 'cleaned', 'incomplete');
 INSERT INTO services(flight_id,movie,wifi,food,beverage,status) VALUES('30630',false, true, 'chicken', 'water','not stocked');
 INSERT INTO crew(flight_id, crew_id, crew_name, check_in_time) VALUES('30630','A5820230115', 'Hicks Witt', '2022-10-21 18:22:19');
 INSERT INTO passengers(flight_id,passenger_id,passenger_name,check_in_time) VALUES('30630','B5820225881', 'Collins Hawkins', '2022-10-22 01:33:29');
 INSERT INTO crew_baggage(crew_id,check_in_time,num_of_baggage) VALUES('A5820230115','2022-10-21 18:22:19', '1');
 INSERT INTO passenger_baggage(passenger_id,check_in_time,num_of_baggage) VALUES('B5820225881','2022-10-22 01:33:29', '1');
 INSERT INTO crew(flight_id, crew_id, crew_name, check_in_time) VALUES('30630','A3576200419', 'Livingston Blair', '2022-10-22 01:33:29');
 INSERT INTO passengers(flight_id,passenger_id,passenger_name,check_in_time) VALUES('30630','B3576196185', 'Atkinson Strickland', '2022-10-22 04:21:30');
 INSERT INTO crew_baggage(crew_id,check_in_time,num_of_baggage) VALUES('A3576200419','2022-10-22 01:33:29', '2');
 INSERT INTO passenger_baggage(passenger_id,check_in_time,num_of_baggage) VALUES('B3576196185','2022-10-22 04:21:30', '2');
 INSERT INTO crew(flight_id, crew_id, crew_name, check_in_time) VALUES('30630','A6935917816', 'Oliver Holder', '2022-10-22 04:21:30');
 INSERT INTO passengers(flight_id,passenger_id,passenger_name,check_in_time) VALUES('30630','B6935913582', 'Dejesus Stafford', '2022-10-22 21:02:55');
 INSERT INTO crew_baggage(crew_id,check_in_time,num_of_baggage) VALUES('A6935917816','2022-10-22 04:21:30', '3');
 INSERT INTO passenger_baggage(passenger_id,check_in_time,num_of_baggage) VALUES('B6935913582','2022-10-22 21:02:55', '3');
 INSERT INTO crew(flight_id, crew_id, crew_name, check_in_time) VALUES('30630','A8480570046', 'Valdez Mercer', '2022-10-22 04:21:30');
 INSERT INTO passengers(flight_id,passenger_id,passenger_name,check_in_time) VALUES('30630','B8480565812', 'Fletcher Reynolds', '2022-10-22 21:02:55');
 INSERT INTO crew_baggage(crew_id,check_in_time,num_of_baggage) VALUES('A8480570046','2022-10-22 04:21:30', '3');
 INSERT INTO passenger_baggage(passenger_id,check_in_time,num_of_baggage) VALUES('B8480565812','2022-10-22 21:02:55', '3');
 INSERT INTO crew(flight_id, crew_id, crew_name, check_in_time) VALUES('30630','A3990947486', 'Klein Robles', '2022-10-21 14:22:09');
 INSERT INTO passengers(flight_id,passenger_id,passenger_name,check_in_time) VALUES('30630','B3990943252', 'Stanton Dunn', '2022-10-21 18:22:19');
 INSERT INTO crew_baggage(crew_id,check_in_time,num_of_baggage) VALUES('A3990947486','2022-10-21 14:22:09', '0');
 INSERT INTO passenger_baggage(passenger_id,check_in_time,num_of_baggage) VALUES('B3990943252','2022-10-21 18:22:19', '0');
INSERT INTO flight(flight_id,airplane,takeoff_time,landing_time,gate) VALUES('30631','A339', '2022-10-21 14:22:09', '2022-10-21 18:22:19', 'A');
 INSERT INTO maintenance(flight_id,fuel_status,clean_status,maintenance_status) VALUES('30631','fueled', 'not cleaned', 'complete');
 INSERT INTO services(flight_id,movie,wifi,food,beverage,status) VALUES('30631',true, false, 'chicken', 'water','stocked');
 INSERT INTO crew(flight_id, crew_id, crew_name, check_in_time) VALUES('30631','A6278051957', 'Simon Padilla', '2022-10-21 14:22:09');
 INSERT INTO passengers(flight_id,passenger_id,passenger_name,check_in_time) VALUES('30631','B6278047723', 'Weaver Barrett', '2022-10-21 18:22:19');
 INSERT INTO crew_baggage(crew_id,check_in_time,num_of_baggage) VALUES('A6278051957','2022-10-21 14:22:09', '0');
 INSERT INTO passenger_baggage(passenger_id,check_in_time,num_of_baggage) VALUES('B6278047723','2022-10-21 18:22:19', '0');
 INSERT INTO crew(flight_id, crew_id, crew_name, check_in_time) VALUES('30631','A1795106067', 'Farrell Ratliff', '2022-10-21 18:22:19');
 INSERT INTO passengers(flight_id,passenger_id,passenger_name,check_in_time) VALUES('30631','B1795101833', 'Witt Mooney', '2022-10-22 01:33:29');
 INSERT INTO crew_baggage(crew_id,check_in_time,num_of_baggage) VALUES('A1795106067','2022-10-21 18:22:19', '1');
 INSERT INTO passenger_baggage(passenger_id,check_in_time,num_of_baggage) VALUES('B1795101833','2022-10-22 01:33:29', '1');
 INSERT INTO crew(flight_id, crew_id, crew_name, check_in_time) VALUES('30631','A2342538085', 'Gamble Ellison', '2022-10-21 14:22:09');
 INSERT INTO passengers(flight_id,passenger_id,passenger_name,check_in_time) VALUES('30631','B2342533851', 'Hinton Hunter', '2022-10-21 18:22:19');
 INSERT INTO crew_baggage(crew_id,check_in_time,num_of_baggage) VALUES('A2342538085','2022-10-21 14:22:09', '0');
 INSERT INTO passenger_baggage(passenger_id,check_in_time,num_of_baggage) VALUES('B2342533851','2022-10-21 18:22:19', '0');
 INSERT INTO crew(flight_id, crew_id, crew_name, check_in_time) VALUES('30631','A4802958992', 'Pacheco Holman', '2022-10-21 18:22:19');
 INSERT INTO passengers(flight_id,passenger_id,passenger_name,check_in_time) VALUES('30631','B4802954758', 'Alvarez Berger', '2022-10-22 01:33:29');
 INSERT INTO crew_baggage(crew_id,check_in_time,num_of_baggage) VALUES('A4802958992','2022-10-21 18:22:19', '1');
 INSERT INTO passenger_baggage(passenger_id,check_in_time,num_of_baggage) VALUES('B4802954758','2022-10-22 01:33:29', '1');
 INSERT INTO crew(flight_id, crew_id, crew_name, check_in_time) VALUES('30631','A9965395997', 'Baldwin Edwards', '2022-10-22 21:02:55');
 INSERT INTO passengers(flight_id,passenger_id,passenger_name,check_in_time) VALUES('30631','B9965391763', 'Zimmerman Mcclain', '2022-10-23 03:22:01');
 INSERT INTO crew_baggage(crew_id,check_in_time,num_of_baggage) VALUES('A9965395997','2022-10-22 21:02:55', '4');
 INSERT INTO passenger_baggage(passenger_id,check_in_time,num_of_baggage) VALUES('B9965391763','2022-10-23 03:22:01', '4');
INSERT INTO flight(flight_id,airplane,takeoff_time,landing_time,gate) VALUES('30632','EA50', '2022-10-22 21:02:55', '2022-10-23 03:22:01', 'E');
 INSERT INTO maintenance(flight_id,fuel_status,clean_status,maintenance_status) VALUES('30632','not fueled', 'cleaned', 'incomplete');
 INSERT INTO services(flight_id,movie,wifi,food,beverage,status) VALUES('30632',false, true, 'salad', 'orange juice','not stocked');
 INSERT INTO crew(flight_id, crew_id, crew_name, check_in_time) VALUES('30632','A8227572935', 'Noel Greer', '2022-10-22 04:21:30');
 INSERT INTO passengers(flight_id,passenger_id,passenger_name,check_in_time) VALUES('30632','B8227568701', 'Richard Arnold', '2022-10-22 21:02:55');
 INSERT INTO crew_baggage(crew_id,check_in_time,num_of_baggage) VALUES('A8227572935','2022-10-22 04:21:30', '3');
 INSERT INTO passenger_baggage(passenger_id,check_in_time,num_of_baggage) VALUES('B8227568701','2022-10-22 21:02:55', '3');
 INSERT INTO crew(flight_id, crew_id, crew_name, check_in_time) VALUES('30632','A4254353057', 'Rhodes Jimenez', '2022-10-22 04:21:30');
 INSERT INTO passengers(flight_id,passenger_id,passenger_name,check_in_time) VALUES('30632','B4254348823', 'Harding Harding', '2022-10-22 21:02:55');
 INSERT INTO crew_baggage(crew_id,check_in_time,num_of_baggage) VALUES('A4254353057','2022-10-22 04:21:30', '3');
 INSERT INTO passenger_baggage(passenger_id,check_in_time,num_of_baggage) VALUES('B4254348823','2022-10-22 21:02:55', '3');
 INSERT INTO crew(flight_id, crew_id, crew_name, check_in_time) VALUES('30632','A6197462559', 'Bryant Peck', '2022-10-21 18:22:19');
 INSERT INTO passengers(flight_id,passenger_id,passenger_name,check_in_time) VALUES('30632','B6197458325', 'Drake Mccullough', '2022-10-22 01:33:29');
 INSERT INTO crew_baggage(crew_id,check_in_time,num_of_baggage) VALUES('A6197462559','2022-10-21 18:22:19', '1');
 INSERT INTO passenger_baggage(passenger_id,check_in_time,num_of_baggage) VALUES('B6197458325','2022-10-22 01:33:29', '1');
 INSERT INTO crew(flight_id, crew_id, crew_name, check_in_time) VALUES('30632','A5233837933', 'Butler Miranda', '2022-10-21 14:22:09');
 INSERT INTO passengers(flight_id,passenger_id,passenger_name,check_in_time) VALUES('30632','B5233833699', 'Travis Molina', '2022-10-21 18:22:19');
 INSERT INTO crew_baggage(crew_id,check_in_time,num_of_baggage) VALUES('A5233837933','2022-10-21 14:22:09', '0');
 INSERT INTO passenger_baggage(passenger_id,check_in_time,num_of_baggage) VALUES('B5233833699','2022-10-21 18:22:19', '0');
 INSERT INTO crew(flight_id, crew_id, crew_name, check_in_time) VALUES('30632','A7653759238', 'Parks Black', '2022-10-22 21:02:55');
 INSERT INTO passengers(flight_id,passenger_id,passenger_name,check_in_time) VALUES('30632','B7653755004', 'Daniel Foley', '2022-10-23 03:22:01');
 INSERT INTO crew_baggage(crew_id,check_in_time,num_of_baggage) VALUES('A7653759238','2022-10-22 21:02:55', '4');
 INSERT INTO passenger_baggage(passenger_id,check_in_time,num_of_baggage) VALUES('B7653755004','2022-10-23 03:22:01', '4');
INSERT INTO flight(flight_id,airplane,takeoff_time,landing_time,gate) VALUES('30633','EA50', '2022-10-22 21:02:55', '2022-10-23 03:22:01', 'E');
 INSERT INTO maintenance(flight_id,fuel_status,clean_status,maintenance_status) VALUES('30633','fueled', 'cleaned', 'complete');
 INSERT INTO services(flight_id,movie,wifi,food,beverage,status) VALUES('30633',true, true, 'salad', 'orange juice','stocked');
 INSERT INTO crew(flight_id, crew_id, crew_name, check_in_time) VALUES('30633','A2748123307', 'Horne England', '2022-10-21 18:22:19');
 INSERT INTO passengers(flight_id,passenger_id,passenger_name,check_in_time) VALUES('30633','B2748119073', 'Reilly Morgan', '2022-10-22 01:33:29');
 INSERT INTO crew_baggage(crew_id,check_in_time,num_of_baggage) VALUES('A2748123307','2022-10-21 18:22:19', '1');
 INSERT INTO passenger_baggage(passenger_id,check_in_time,num_of_baggage) VALUES('B2748119073','2022-10-22 01:33:29', '1');
 INSERT INTO crew(flight_id, crew_id, crew_name, check_in_time) VALUES('30633','A4430881394', 'Pierce Tran', '2022-10-21 14:22:09');
 INSERT INTO passengers(flight_id,passenger_id,passenger_name,check_in_time) VALUES('30633','B4430877160', 'Cote Guy', '2022-10-21 18:22:19');
 INSERT INTO crew_baggage(crew_id,check_in_time,num_of_baggage) VALUES('A4430881394','2022-10-21 14:22:09', '0');
 INSERT INTO passenger_baggage(passenger_id,check_in_time,num_of_baggage) VALUES('B4430877160','2022-10-21 18:22:19', '0');
 INSERT INTO crew(flight_id, crew_id, crew_name, check_in_time) VALUES('30633','A9042176634', 'Thompson Trevino', '2022-10-21 14:22:09');
 INSERT INTO passengers(flight_id,passenger_id,passenger_name,check_in_time) VALUES('30633','B9042172400', 'Bolton Crosby', '2022-10-21 18:22:19');
 INSERT INTO crew_baggage(crew_id,check_in_time,num_of_baggage) VALUES('A9042176634','2022-10-21 14:22:09', '0');
 INSERT INTO passenger_baggage(passenger_id,check_in_time,num_of_baggage) VALUES('B9042172400','2022-10-21 18:22:19', '0');
 INSERT INTO crew(flight_id, crew_id, crew_name, check_in_time) VALUES('30633','A3498122614', 'Vega Montoya', '2022-10-22 04:21:30');
 INSERT INTO passengers(flight_id,passenger_id,passenger_name,check_in_time) VALUES('30633','B3498118380', 'Washington Rios', '2022-10-22 21:02:55');
 INSERT INTO crew_baggage(crew_id,check_in_time,num_of_baggage) VALUES('A3498122614','2022-10-22 04:21:30', '3');
 INSERT INTO passenger_baggage(passenger_id,check_in_time,num_of_baggage) VALUES('B3498118380','2022-10-22 21:02:55', '3');
 INSERT INTO crew(flight_id, crew_id, crew_name, check_in_time) VALUES('30633','A7268499764', 'Armstrong Whitaker', '2022-10-21 14:22:09');
 INSERT INTO passengers(flight_id,passenger_id,passenger_name,check_in_time) VALUES('30633','B7268495530', 'James Tucker', '2022-10-21 18:22:19');
 INSERT INTO crew_baggage(crew_id,check_in_time,num_of_baggage) VALUES('A7268499764','2022-10-21 14:22:09', '0');
 INSERT INTO passenger_baggage(passenger_id,check_in_time,num_of_baggage) VALUES('B7268495530','2022-10-21 18:22:19', '0');
INSERT INTO flight(flight_id,airplane,takeoff_time,landing_time,gate) VALUES('30634','A339', '2022-10-21 14:22:09', '2022-10-21 18:22:19', 'A');
 INSERT INTO maintenance(flight_id,fuel_status,clean_status,maintenance_status) VALUES('30634','not fueled', 'not cleaned', 'incomplete');
 INSERT INTO services(flight_id,movie,wifi,food,beverage,status) VALUES('30634',false, false, 'chicken', 'water','not stocked');
 INSERT INTO crew(flight_id, crew_id, crew_name, check_in_time) VALUES('30634','A7870238661', 'Duran Benjamin', '2022-10-21 18:22:19');
 INSERT INTO passengers(flight_id,passenger_id,passenger_name,check_in_time) VALUES('30634','B7870234427', 'Patterson Beach', '2022-10-22 01:33:29');
 INSERT INTO crew_baggage(crew_id,check_in_time,num_of_baggage) VALUES('A7870238661','2022-10-21 18:22:19', '1');
 INSERT INTO passenger_baggage(passenger_id,check_in_time,num_of_baggage) VALUES('B7870234427','2022-10-22 01:33:29', '1');
 INSERT INTO crew(flight_id, crew_id, crew_name, check_in_time) VALUES('30634','A1107718229', 'Valentine Ellis', '2022-10-21 14:22:09');
 INSERT INTO passengers(flight_id,passenger_id,passenger_name,check_in_time) VALUES('30634','B1107713995', 'Carver Cole', '2022-10-21 18:22:19');
 INSERT INTO crew_baggage(crew_id,check_in_time,num_of_baggage) VALUES('A1107718229','2022-10-21 14:22:09', '0');
 INSERT INTO passenger_baggage(passenger_id,check_in_time,num_of_baggage) VALUES('B1107713995','2022-10-21 18:22:19', '0');
 INSERT INTO crew(flight_id, crew_id, crew_name, check_in_time) VALUES('30634','A2189682780', 'Schroeder Fitzgerald', '2022-10-22 04:21:30');
 INSERT INTO passengers(flight_id,passenger_id,passenger_name,check_in_time) VALUES('30634','B2189678546', 'Chambers Sullivan', '2022-10-22 21:02:55');
 INSERT INTO crew_baggage(crew_id,check_in_time,num_of_baggage) VALUES('A2189682780','2022-10-22 04:21:30', '3');
 INSERT INTO passenger_baggage(passenger_id,check_in_time,num_of_baggage) VALUES('B2189678546','2022-10-22 21:02:55', '3');
 INSERT INTO crew(flight_id, crew_id, crew_name, check_in_time) VALUES('30634','A1067045728', 'Griffin Johnson', '2022-10-22 01:33:29');
 INSERT INTO passengers(flight_id,passenger_id,passenger_name,check_in_time) VALUES('30634','B1067041494', 'Lawson Grimes', '2022-10-22 04:21:30');
 INSERT INTO crew_baggage(crew_id,check_in_time,num_of_baggage) VALUES('A1067045728','2022-10-22 01:33:29', '2');
 INSERT INTO passenger_baggage(passenger_id,check_in_time,num_of_baggage) VALUES('B1067041494','2022-10-22 04:21:30', '2');
 INSERT INTO crew(flight_id, crew_id, crew_name, check_in_time) VALUES('30634','A3830685008', 'Chapman Schneider', '2022-10-22 21:02:55');
 INSERT INTO passengers(flight_id,passenger_id,passenger_name,check_in_time) VALUES('30634','B3830680774', 'Mcdowell Hughes', '2022-10-23 03:22:01');
 INSERT INTO crew_baggage(crew_id,check_in_time,num_of_baggage) VALUES('A3830685008','2022-10-22 21:02:55', '4');
 INSERT INTO passenger_baggage(passenger_id,check_in_time,num_of_baggage) VALUES('B3830680774','2022-10-23 03:22:01', '4');
INSERT INTO flight(flight_id,airplane,takeoff_time,landing_time,gate) VALUES('30635','EA50', '2022-10-22 21:02:55', '2022-10-23 03:22:01', 'E');
 INSERT INTO maintenance(flight_id,fuel_status,clean_status,maintenance_status) VALUES('30635','fueled', 'cleaned', 'complete');
 INSERT INTO services(flight_id,movie,wifi,food,beverage,status) VALUES('30635',true, true, 'salad', 'orange juice','stocked');
 INSERT INTO crew(flight_id, crew_id, crew_name, check_in_time) VALUES('30635','A6168790742', 'Coleman Mcmillan', '2022-10-21 14:22:09');
 INSERT INTO passengers(flight_id,passenger_id,passenger_name,check_in_time) VALUES('30635','B6168786508', 'Salazar Graves', '2022-10-21 18:22:19');
 INSERT INTO crew_baggage(crew_id,check_in_time,num_of_baggage) VALUES('A6168790742','2022-10-21 14:22:09', '0');
 INSERT INTO passenger_baggage(passenger_id,check_in_time,num_of_baggage) VALUES('B6168786508','2022-10-21 18:22:19', '0');
 INSERT INTO crew(flight_id, crew_id, crew_name, check_in_time) VALUES('30635','A7072064047', 'Herring Cannon', '2022-10-22 21:02:55');
 INSERT INTO passengers(flight_id,passenger_id,passenger_name,check_in_time) VALUES('30635','B7072059813', 'Kline Travis', '2022-10-23 03:22:01');
 INSERT INTO crew_baggage(crew_id,check_in_time,num_of_baggage) VALUES('A7072064047','2022-10-22 21:02:55', '4');
 INSERT INTO passenger_baggage(passenger_id,check_in_time,num_of_baggage) VALUES('B7072059813','2022-10-23 03:22:01', '4');
 INSERT INTO crew(flight_id, crew_id, crew_name, check_in_time) VALUES('30635','A9069522528', 'Guerrero Mcgowan', '2022-10-22 04:21:30');
 INSERT INTO passengers(flight_id,passenger_id,passenger_name,check_in_time) VALUES('30635','B9069518294', 'Whitehead Mcmahon', '2022-10-22 21:02:55');
 INSERT INTO crew_baggage(crew_id,check_in_time,num_of_baggage) VALUES('A9069522528','2022-10-22 04:21:30', '3');
 INSERT INTO passenger_baggage(passenger_id,check_in_time,num_of_baggage) VALUES('B9069518294','2022-10-22 21:02:55', '3');
 INSERT INTO crew(flight_id, crew_id, crew_name, check_in_time) VALUES('30635','A8097585134', 'Thornton Wong', '2022-10-21 18:22:19');
 INSERT INTO passengers(flight_id,passenger_id,passenger_name,check_in_time) VALUES('30635','B8097580900', 'Salas Potts', '2022-10-22 01:33:29');
 INSERT INTO crew_baggage(crew_id,check_in_time,num_of_baggage) VALUES('A8097585134','2022-10-21 18:22:19', '1');
 INSERT INTO passenger_baggage(passenger_id,check_in_time,num_of_baggage) VALUES('B8097580900','2022-10-22 01:33:29', '1');
 INSERT INTO crew(flight_id, crew_id, crew_name, check_in_time) VALUES('30635','A1579347271', 'Cervantes Watson', '2022-10-22 01:33:29');
 INSERT INTO passengers(flight_id,passenger_id,passenger_name,check_in_time) VALUES('30635','B1579343037', 'Hays Terrell', '2022-10-22 04:21:30');
 INSERT INTO crew_baggage(crew_id,check_in_time,num_of_baggage) VALUES('A1579347271','2022-10-22 01:33:29', '2');
 INSERT INTO passenger_baggage(passenger_id,check_in_time,num_of_baggage) VALUES('B1579343037','2022-10-22 04:21:30', '2');
INSERT INTO flight(flight_id,airplane,takeoff_time,landing_time,gate) VALUES('30636','A342', '2022-10-22 01:33:29', '2022-10-22 04:21:30', 'C');
 INSERT INTO maintenance(flight_id,fuel_status,clean_status,maintenance_status) VALUES('30636','fueled', 'not cleaned', 'complete');
 INSERT INTO services(flight_id,movie,wifi,food,beverage,status) VALUES('30636',true, false, 'fruit', 'sprite','stocked');
 INSERT INTO crew(flight_id, crew_id, crew_name, check_in_time) VALUES('30636','A7102364832', 'Woods Bolton', '2022-10-22 21:02:55');
 INSERT INTO passengers(flight_id,passenger_id,passenger_name,check_in_time) VALUES('30636','B7102360598', 'Gibson Boyer', '2022-10-23 03:22:01');
 INSERT INTO crew_baggage(crew_id,check_in_time,num_of_baggage) VALUES('A7102364832','2022-10-22 21:02:55', '4');
 INSERT INTO passenger_baggage(passenger_id,check_in_time,num_of_baggage) VALUES('B7102360598','2022-10-23 03:22:01', '4');
 INSERT INTO crew(flight_id, crew_id, crew_name, check_in_time) VALUES('30636','A3932240942', 'Leonard Hopper', '2022-10-21 14:22:09');
 INSERT INTO passengers(flight_id,passenger_id,passenger_name,check_in_time) VALUES('30636','B3932236708', 'Lloyd Bartlett', '2022-10-21 18:22:19');
 INSERT INTO crew_baggage(crew_id,check_in_time,num_of_baggage) VALUES('A3932240942','2022-10-21 14:22:09', '0');
 INSERT INTO passenger_baggage(passenger_id,check_in_time,num_of_baggage) VALUES('B3932236708','2022-10-21 18:22:19', '0');
 INSERT INTO crew(flight_id, crew_id, crew_name, check_in_time) VALUES('30636','A4199943616', 'Harrison Miles', '2022-10-21 14:22:09');
 INSERT INTO passengers(flight_id,passenger_id,passenger_name,check_in_time) VALUES('30636','B4199939382', 'Cohen Conley', '2022-10-21 18:22:19');
 INSERT INTO crew_baggage(crew_id,check_in_time,num_of_baggage) VALUES('A4199943616','2022-10-21 14:22:09', '0');
 INSERT INTO passenger_baggage(passenger_id,check_in_time,num_of_baggage) VALUES('B4199939382','2022-10-21 18:22:19', '0');
 INSERT INTO crew(flight_id, crew_id, crew_name, check_in_time) VALUES('30636','A1103785486', 'Hunter Hardin', '2022-10-22 01:33:29');
 INSERT INTO passengers(flight_id,passenger_id,passenger_name,check_in_time) VALUES('30636','B1103781252', 'Powell Kirkland', '2022-10-22 04:21:30');
 INSERT INTO crew_baggage(crew_id,check_in_time,num_of_baggage) VALUES('A1103785486','2022-10-22 01:33:29', '2');
 INSERT INTO passenger_baggage(passenger_id,check_in_time,num_of_baggage) VALUES('B1103781252','2022-10-22 04:21:30', '2');
 INSERT INTO crew(flight_id, crew_id, crew_name, check_in_time) VALUES('30636','A3384653024', 'Sharp Cabrera', '2022-10-22 21:02:55');
 INSERT INTO passengers(flight_id,passenger_id,passenger_name,check_in_time) VALUES('30636','B3384648790', 'Guerra Levine', '2022-10-23 03:22:01');
 INSERT INTO crew_baggage(crew_id,check_in_time,num_of_baggage) VALUES('A3384653024','2022-10-22 21:02:55', '4');
 INSERT INTO passenger_baggage(passenger_id,check_in_time,num_of_baggage) VALUES('B3384648790','2022-10-23 03:22:01', '4');
INSERT INTO flight(flight_id,airplane,takeoff_time,landing_time,gate) VALUES('30637','EA50', '2022-10-22 21:02:55', '2022-10-23 03:22:01', 'E');
 INSERT INTO maintenance(flight_id,fuel_status,clean_status,maintenance_status) VALUES('30637','fueled', 'not cleaned', 'complete');
 INSERT INTO services(flight_id,movie,wifi,food,beverage,status) VALUES('30637',true, false, 'salad', 'orange juice','stocked');
 INSERT INTO crew(flight_id, crew_id, crew_name, check_in_time) VALUES('30637','A3200564998', 'Mcintosh Mcleod', '2022-10-21 18:22:19');
 INSERT INTO passengers(flight_id,passenger_id,passenger_name,check_in_time) VALUES('30637','B3200560764', 'Elliott Newman', '2022-10-22 01:33:29');
 INSERT INTO crew_baggage(crew_id,check_in_time,num_of_baggage) VALUES('A3200564998','2022-10-21 18:22:19', '1');
 INSERT INTO passenger_baggage(passenger_id,check_in_time,num_of_baggage) VALUES('B3200560764','2022-10-22 01:33:29', '1');
 INSERT INTO crew(flight_id, crew_id, crew_name, check_in_time) VALUES('30637','A6351604793', 'Pitts Bentley', '2022-10-22 04:21:30');
 INSERT INTO passengers(flight_id,passenger_id,passenger_name,check_in_time) VALUES('30637','B6351600559', 'Everett Delacruz', '2022-10-22 21:02:55');
 INSERT INTO crew_baggage(crew_id,check_in_time,num_of_baggage) VALUES('A6351604793','2022-10-22 04:21:30', '3');
 INSERT INTO passenger_baggage(passenger_id,check_in_time,num_of_baggage) VALUES('B6351600559','2022-10-22 21:02:55', '3');
 INSERT INTO crew(flight_id, crew_id, crew_name, check_in_time) VALUES('30637','A8506528725', 'Scott Torres', '2022-10-22 01:33:29');
 INSERT INTO passengers(flight_id,passenger_id,passenger_name,check_in_time) VALUES('30637','B8506524491', 'Underwood English', '2022-10-22 04:21:30');
 INSERT INTO crew_baggage(crew_id,check_in_time,num_of_baggage) VALUES('A8506528725','2022-10-22 01:33:29', '2');
 INSERT INTO passenger_baggage(passenger_id,check_in_time,num_of_baggage) VALUES('B8506524491','2022-10-22 04:21:30', '2');
 INSERT INTO crew(flight_id, crew_id, crew_name, check_in_time) VALUES('30637','A2020086642', 'Poole Benson', '2022-10-22 04:21:30');
 INSERT INTO passengers(flight_id,passenger_id,passenger_name,check_in_time) VALUES('30637','B2020082408', 'Hinton Jarvis', '2022-10-22 21:02:55');
 INSERT INTO crew_baggage(crew_id,check_in_time,num_of_baggage) VALUES('A2020086642','2022-10-22 04:21:30', '3');
 INSERT INTO passenger_baggage(passenger_id,check_in_time,num_of_baggage) VALUES('B2020082408','2022-10-22 21:02:55', '3');
 INSERT INTO crew(flight_id, crew_id, crew_name, check_in_time) VALUES('30637','A2432335972', 'Acosta Rose', '2022-10-22 21:02:55');
 INSERT INTO passengers(flight_id,passenger_id,passenger_name,check_in_time) VALUES('30637','B2432331738', 'Doyle Garcia', '2022-10-23 03:22:01');
 INSERT INTO crew_baggage(crew_id,check_in_time,num_of_baggage) VALUES('A2432335972','2022-10-22 21:02:55', '4');
 INSERT INTO passenger_baggage(passenger_id,check_in_time,num_of_baggage) VALUES('B2432331738','2022-10-23 03:22:01', '4');
INSERT INTO flight(flight_id,airplane,takeoff_time,landing_time,gate) VALUES('30638','EA50', '2022-10-22 21:02:55', '2022-10-23 03:22:01', 'E');
 INSERT INTO maintenance(flight_id,fuel_status,clean_status,maintenance_status) VALUES('30638','not fueled', 'not cleaned', 'incomplete');
 INSERT INTO services(flight_id,movie,wifi,food,beverage,status) VALUES('30638',false, false, 'salad', 'orange juice','not stocked');
 INSERT INTO crew(flight_id, crew_id, crew_name, check_in_time) VALUES('30638','A3540814141', 'Mooney Lawrence', '2022-10-22 01:33:29');
 INSERT INTO passengers(flight_id,passenger_id,passenger_name,check_in_time) VALUES('30638','B3540809907', 'Wright Taylor', '2022-10-22 04:21:30');
 INSERT INTO crew_baggage(crew_id,check_in_time,num_of_baggage) VALUES('A3540814141','2022-10-22 01:33:29', '2');
 INSERT INTO passenger_baggage(passenger_id,check_in_time,num_of_baggage) VALUES('B3540809907','2022-10-22 04:21:30', '2');
 INSERT INTO crew(flight_id, crew_id, crew_name, check_in_time) VALUES('30638','A5205729198', 'Lowery Faulkner', '2022-10-21 14:22:09');
 INSERT INTO passengers(flight_id,passenger_id,passenger_name,check_in_time) VALUES('30638','B5205724964', 'Mcleod Rodriquez', '2022-10-21 18:22:19');
 INSERT INTO crew_baggage(crew_id,check_in_time,num_of_baggage) VALUES('A5205729198','2022-10-21 14:22:09', '0');
 INSERT INTO passenger_baggage(passenger_id,check_in_time,num_of_baggage) VALUES('B5205724964','2022-10-21 18:22:19', '0');
 INSERT INTO crew(flight_id, crew_id, crew_name, check_in_time) VALUES('30638','A6402347886', 'Aguilar Nash', '2022-10-21 14:22:09');
 INSERT INTO passengers(flight_id,passenger_id,passenger_name,check_in_time) VALUES('30638','B6402343652', 'Phelps Holder', '2022-10-21 18:22:19');
 INSERT INTO crew_baggage(crew_id,check_in_time,num_of_baggage) VALUES('A6402347886','2022-10-21 14:22:09', '0');
 INSERT INTO passenger_baggage(passenger_id,check_in_time,num_of_baggage) VALUES('B6402343652','2022-10-21 18:22:19', '0');
 INSERT INTO crew(flight_id, crew_id, crew_name, check_in_time) VALUES('30638','A4408451021', 'Barron Whitney', '2022-10-21 18:22:19');
 INSERT INTO passengers(flight_id,passenger_id,passenger_name,check_in_time) VALUES('30638','B4408446787', 'Watson Atkins', '2022-10-22 01:33:29');
 INSERT INTO crew_baggage(crew_id,check_in_time,num_of_baggage) VALUES('A4408451021','2022-10-21 18:22:19', '1');
 INSERT INTO passenger_baggage(passenger_id,check_in_time,num_of_baggage) VALUES('B4408446787','2022-10-22 01:33:29', '1');
 INSERT INTO crew(flight_id, crew_id, crew_name, check_in_time) VALUES('30638','A4524454269', 'Hunter Hendrix', '2022-10-22 04:21:30');
 INSERT INTO passengers(flight_id,passenger_id,passenger_name,check_in_time) VALUES('30638','B4524450035', 'Oconnor Walls', '2022-10-22 21:02:55');
 INSERT INTO crew_baggage(crew_id,check_in_time,num_of_baggage) VALUES('A4524454269','2022-10-22 04:21:30', '3');
 INSERT INTO passenger_baggage(passenger_id,check_in_time,num_of_baggage) VALUES('B4524450035','2022-10-22 21:02:55', '3');
INSERT INTO flight(flight_id,airplane,takeoff_time,landing_time,gate) VALUES('30639','B722', '2022-10-22 04:21:30', '2022-10-22 21:02:55', 'D');
 INSERT INTO maintenance(flight_id,fuel_status,clean_status,maintenance_status) VALUES('30639','fueled', 'not cleaned', 'complete');
 INSERT INTO services(flight_id,movie,wifi,food,beverage,status) VALUES('30639',true, false, 'ham', 'pepsi','stocked');
 INSERT INTO crew(flight_id, crew_id, crew_name, check_in_time) VALUES('30639','A7643571052', 'Nguyen Burks', '2022-10-22 21:02:55');
 INSERT INTO passengers(flight_id,passenger_id,passenger_name,check_in_time) VALUES('30639','B7643566818', 'Mccoy Donovan', '2022-10-23 03:22:01');
 INSERT INTO crew_baggage(crew_id,check_in_time,num_of_baggage) VALUES('A7643571052','2022-10-22 21:02:55', '4');
 INSERT INTO passenger_baggage(passenger_id,check_in_time,num_of_baggage) VALUES('B7643566818','2022-10-23 03:22:01', '4');
 INSERT INTO crew(flight_id, crew_id, crew_name, check_in_time) VALUES('30639','A6994697140', 'Lucas Maynard', '2022-10-22 21:02:55');
 INSERT INTO passengers(flight_id,passenger_id,passenger_name,check_in_time) VALUES('30639','B6994692906', 'Randolph Mcgowan', '2022-10-23 03:22:01');
 INSERT INTO crew_baggage(crew_id,check_in_time,num_of_baggage) VALUES('A6994697140','2022-10-22 21:02:55', '4');
 INSERT INTO passenger_baggage(passenger_id,check_in_time,num_of_baggage) VALUES('B6994692906','2022-10-23 03:22:01', '4');
 INSERT INTO crew(flight_id, crew_id, crew_name, check_in_time) VALUES('30639','A5192024651', 'Mendoza Reyes', '2022-10-22 21:02:55');
 INSERT INTO passengers(flight_id,passenger_id,passenger_name,check_in_time) VALUES('30639','B5192020417', 'Harrington Dalton', '2022-10-23 03:22:01');
 INSERT INTO crew_baggage(crew_id,check_in_time,num_of_baggage) VALUES('A5192024651','2022-10-22 21:02:55', '4');
 INSERT INTO passenger_baggage(passenger_id,check_in_time,num_of_baggage) VALUES('B5192020417','2022-10-23 03:22:01', '4');
 INSERT INTO crew(flight_id, crew_id, crew_name, check_in_time) VALUES('30639','A1178994297', 'Gould Mcintosh', '2022-10-21 14:22:09');
 INSERT INTO passengers(flight_id,passenger_id,passenger_name,check_in_time) VALUES('30639','B1178990063', 'Lynch Dickson', '2022-10-21 18:22:19');
 INSERT INTO crew_baggage(crew_id,check_in_time,num_of_baggage) VALUES('A1178994297','2022-10-21 14:22:09', '0');
 INSERT INTO passenger_baggage(passenger_id,check_in_time,num_of_baggage) VALUES('B1178990063','2022-10-21 18:22:19', '0');
 INSERT INTO crew(flight_id, crew_id, crew_name, check_in_time) VALUES('30639','A2753092779', 'Johnston Obrien', '2022-10-21 14:22:09');
 INSERT INTO passengers(flight_id,passenger_id,passenger_name,check_in_time) VALUES('30639','B2753088545', 'Randolph Bender', '2022-10-21 18:22:19');
 INSERT INTO crew_baggage(crew_id,check_in_time,num_of_baggage) VALUES('A2753092779','2022-10-21 14:22:09', '0');
 INSERT INTO passenger_baggage(passenger_id,check_in_time,num_of_baggage) VALUES('B2753088545','2022-10-21 18:22:19', '0');
INSERT INTO flight(flight_id,airplane,takeoff_time,landing_time,gate) VALUES('30640','A339', '2022-10-21 14:22:09', '2022-10-21 18:22:19', 'A');
 INSERT INTO maintenance(flight_id,fuel_status,clean_status,maintenance_status) VALUES('30640','fueled', 'not cleaned', 'complete');
 INSERT INTO services(flight_id,movie,wifi,food,beverage,status) VALUES('30640',true, false, 'chicken', 'water','stocked');
 INSERT INTO crew(flight_id, crew_id, crew_name, check_in_time) VALUES('30640','A4179400608', 'Herrera Boyd', '2022-10-21 18:22:19');
 INSERT INTO passengers(flight_id,passenger_id,passenger_name,check_in_time) VALUES('30640','B4179396374', 'Barrera Hall', '2022-10-22 01:33:29');
 INSERT INTO crew_baggage(crew_id,check_in_time,num_of_baggage) VALUES('A4179400608','2022-10-21 18:22:19', '1');
 INSERT INTO passenger_baggage(passenger_id,check_in_time,num_of_baggage) VALUES('B4179396374','2022-10-22 01:33:29', '1');
 INSERT INTO crew(flight_id, crew_id, crew_name, check_in_time) VALUES('30640','A2027306499', 'Ingram Hart', '2022-10-21 14:22:09');
 INSERT INTO passengers(flight_id,passenger_id,passenger_name,check_in_time) VALUES('30640','B2027302265', 'Payne Branch', '2022-10-21 18:22:19');
 INSERT INTO crew_baggage(crew_id,check_in_time,num_of_baggage) VALUES('A2027306499','2022-10-21 14:22:09', '0');
 INSERT INTO passenger_baggage(passenger_id,check_in_time,num_of_baggage) VALUES('B2027302265','2022-10-21 18:22:19', '0');
 INSERT INTO crew(flight_id, crew_id, crew_name, check_in_time) VALUES('30640','A6536837296', 'Valencia Berg', '2022-10-21 14:22:09');
 INSERT INTO passengers(flight_id,passenger_id,passenger_name,check_in_time) VALUES('30640','B6536833062', 'Hurley Cline', '2022-10-21 18:22:19');
 INSERT INTO crew_baggage(crew_id,check_in_time,num_of_baggage) VALUES('A6536837296','2022-10-21 14:22:09', '0');
 INSERT INTO passenger_baggage(passenger_id,check_in_time,num_of_baggage) VALUES('B6536833062','2022-10-21 18:22:19', '0');
 INSERT INTO crew(flight_id, crew_id, crew_name, check_in_time) VALUES('30640','A8603257469', 'Conley Hubbard', '2022-10-21 18:22:19');
 INSERT INTO passengers(flight_id,passenger_id,passenger_name,check_in_time) VALUES('30640','B8603253235', 'Winters Simpson', '2022-10-22 01:33:29');
 INSERT INTO crew_baggage(crew_id,check_in_time,num_of_baggage) VALUES('A8603257469','2022-10-21 18:22:19', '1');
 INSERT INTO passenger_baggage(passenger_id,check_in_time,num_of_baggage) VALUES('B8603253235','2022-10-22 01:33:29', '1');
 INSERT INTO crew(flight_id, crew_id, crew_name, check_in_time) VALUES('30640','A7452925062', 'Hurley Sherman', '2022-10-22 04:21:30');
 INSERT INTO passengers(flight_id,passenger_id,passenger_name,check_in_time) VALUES('30640','B7452920828', 'Holcomb Fulton', '2022-10-22 21:02:55');
 INSERT INTO crew_baggage(crew_id,check_in_time,num_of_baggage) VALUES('A7452925062','2022-10-22 04:21:30', '3');
 INSERT INTO passenger_baggage(passenger_id,check_in_time,num_of_baggage) VALUES('B7452920828','2022-10-22 21:02:55', '3');
